key,comfort_score
',0.0
",",0.441514
.,0.336825
/,0.358039
;,0.692103
A,0.692103
B,0.0
C,0.441514
D,0.893841
E,0.748
F,1.0
G,0.0
H,0.0
I,0.748
J,1.0
K,0.893841
L,0.817159
M,0.656695
N,0.0
O,0.62452
P,0.404072
Q,0.404072
R,0.710526
S,0.817159
T,0.0
U,0.710526
V,0.656695
W,0.62452
X,0.336825
Y,0.0
Z,0.358039
[,0.0
